loss,optimizer,learning_rate,best_epoch,validation_loss,validation_accuracy,validation_macro_f1,trainable_parameters,elapsed_seconds
cross_entropy,sgd,0.001,19,1.0969001290505185,0.5739238927011853,0.37388204791477936,6359815,33.0618140710003
cross_entropy,rmsprop,0.001,10,1.2093719287879454,0.5520898315658141,0.3482806845124854,6359815,24.790197506000368
cross_entropy,adam,0.001,19,1.0724918362652593,0.5976294447910169,0.389204816646132,6359815,33.25902063600006
label_smoothing,sgd,0.001,19,4.254297653883603,0.3930131004366812,0.30763487175462434,6359815,33.74877711499994
label_smoothing,rmsprop,0.001,10,4.291730270784346,0.42046163443543355,0.3193305719552106,6359815,25.078673048999917
label_smoothing,adam,0.001,3,4.317100680848619,0.2776044915782907,0.2608407746418075,6359815,13.50609702499969
focal,sgd,0.001,19,0.8496777286993588,0.5764192139737991,0.3712628502890471,6359815,32.93209285099965
focal,rmsprop,0.001,10,0.9395095341218983,0.5820336868371803,0.37366776028459114,6359815,24.736541907999708
focal,adam,0.001,10,0.868113937038819,0.561447286338116,0.36247637308381503,6359815,24.92112344099951
