epoch,train_loss,train_accuracy,train_macro_f1,validation_loss,validation_accuracy,validation_macro_f1
1,1.2934395314230154,0.21173349976595413,0.16427705304633228,1.157610838515864,0.44853399875233935,0.24035570662819558
2,1.1815882470347725,0.3821188953034795,0.2306375574968448,1.1007973184008488,0.48845913911416095,0.2907406540453797
3,1.1296598366017758,0.4013106568887502,0.24374059618649085,1.0871680129414711,0.495321272613849,0.2804102205102953
4,1.0650034374938886,0.42455921360586674,0.269411119857856,1.0375084686636256,0.45477230193387397,0.2853319534372007
5,1.0136837271078643,0.4499921984709003,0.2753274360157539,1.0311372827457326,0.430442919525889,0.2640966026573882
6,1.061434326045021,0.4351692931814636,0.2715885231848475,1.0092963059842401,0.4504054897067998,0.2922921773839687
7,0.9933043506480654,0.44843189265095956,0.2852994807711354,0.9663228302989538,0.5021834061135371,0.3241668708588688
8,0.9733636698841509,0.45935403339054454,0.29115860381759084,0.9579631639731652,0.4940736119775421,0.31010379427965556
9,0.9404816070935119,0.46200655328444373,0.28945640870534656,0.9557208199837174,0.4859638178415471,0.3269588363962484
10,0.89891038003848,0.46621937899828364,0.3002529756200235,0.9212942276607806,0.4978165938864629,0.3291825871058261
11,0.9005807839423525,0.4821344983616789,0.3095512282359918,0.9376197615342072,0.470991890205864,0.3072823414301027
12,0.9009814982407549,0.4840068653456077,0.31255241742196427,0.8791935205905793,0.5109170305676856,0.32965616539061976
13,0.8855684701673585,0.4826025901076611,0.3184226922908341,0.8954842792625213,0.5202744853399875,0.34436241157701536
14,0.8675703296685185,0.493368700265252,0.32912220493447125,0.8673764075328615,0.4822208359326263,0.33590395048255617
15,0.8815848952821049,0.4935247308472461,0.32520892138723795,0.8545395707756894,0.5171553337492202,0.33882028919008433
16,0.8495123767038091,0.5007021376189733,0.33375628461660395,0.8431954287173818,0.5377417342482844,0.35771760936566643
17,0.8578645932281942,0.5002340458729911,0.3311294905647775,0.8460144992181085,0.5558328134747349,0.35873769853159787
18,0.8681588107300058,0.48197846777968484,0.32083794683772293,0.8521805559183312,0.5539613225202745,0.3618457404009337
19,0.8345288678103926,0.4938367920112342,0.3283602124173268,0.8496777286993588,0.5764192139737991,0.3712628502890471
20,0.8185197544518267,0.49430488375721643,0.3299345863018782,0.8638780255356359,0.5346225826575172,0.3468341587975113
